{"((2, 4, 1000), 0)": 0.0015306122368201613, "((3, 4, 1000), 0)": 0.0007142857066355646, "((4, 4, 1000), 0)": 0.0002040816325461492, "((5, 4, 1000), 0)": 0.0001020408162730746, "((6, 4, 1000), 0)": 0.0, "((2, 4, 3000), 0)": 0.0004081632650922984, "((3, 4, 3000), 0)": 0.0002040816325461492, "((4, 4, 3000), 0)": 0.0, "((5, 4, 3000), 0)": 0.0001020408162730746, "((6, 4, 3000), 0)": 0.0001020408162730746, "((2, 4, 10000), 0)": 0.0001020408162730746, "((3, 4, 10000), 0)": 0.0003061224415432662, "((4, 4, 10000), 0)": 0.0001020408162730746, "((5, 4, 10000), 0)": 0.0001020408162730746, "((6, 4, 10000), 0)": 0.0, "((2, 4, -1), 0)": 0.0, "((3, 4, -1), 0)": 0.0003061224415432662, "((4, 4, -1), 0)": 0.0001020408162730746, "((5, 4, -1), 0)": 0.0002040816325461492, "((6, 4, -1), 0)": 0.0, "((2, 8, -1), 0)": 0.0001020408162730746, "((3, 8, -1), 0)": 0.0, "((4, 8, -1), 0)": 0.0, "((5, 8, -1), 0)": 0.0, "((6, 8, -1), 0)": 0.0, "((2, 4, 1000), 1)": 0.18351063132286072, "((3, 4, 1000), 1)": 0.16436170041561127, "((4, 4, 1000), 1)": 0.01478723343461752, "((5, 4, 1000), 1)": 0.009255318902432919, "((6, 4, 1000), 1)": 0.002446808386594057, "((2, 4, 3000), 1)": 0.024787234142422676, "((3, 4, 3000), 1)": 0.004361702129244804, "((4, 4, 3000), 1)": 0.0020212766248732805, "((5, 4, 3000), 1)": 0.0006382978754118085, "((6, 4, 3000), 1)": 0.0005319148767739534, "((2, 4, 10000), 1)": 0.013829787261784077, "((3, 4, 10000), 1)": 0.0034042552579194307, "((4, 4, 10000), 1)": 0.001382978749461472, "((5, 4, 10000), 1)": 0.0010638297535479069, "((6, 4, 10000), 1)": 0.00021276595361996442, "((2, 4, -1), 1)": 0.009999999776482582, "((3, 4, -1), 1)": 0.0029787232633680105, "((4, 4, -1), 1)": 0.001276595750823617, "((5, 4, -1), 1)": 0.0008510638144798577, "((6, 4, -1), 1)": 0.00021276595361996442, "((2, 8, -1), 1)": 0.002659574383869767, "((3, 8, -1), 1)": 0.0005319148767739534, "((4, 8, -1), 1)": 0.00021276595361996442, "((5, 8, -1), 1)": 0.0, "((6, 8, -1), 1)": 0.00010638297680998221, "((2, 4, 1000), 2)": 0.5286813378334045, "((3, 4, 1000), 2)": 0.5067033171653748, "((4, 4, 1000), 2)": 0.052307695150375366, "((5, 4, 1000), 2)": 0.027802199125289917, "((6, 4, 1000), 2)": 0.008241758681833744, "((2, 4, 3000), 2)": 0.20087912678718567, "((3, 4, 3000), 2)": 0.026703298091888428, "((4, 4, 3000), 2)": 0.0036263735964894295, "((5, 4, 3000), 2)": 0.0018681319197639823, "((6, 4, 3000), 2)": 0.0006593406433239579, "((2, 4, 10000), 2)": 0.13516484200954437, "((3, 4, 10000), 2)": 0.013846154324710369, "((4, 4, 10000), 2)": 0.00252747256308794, "((5, 4, 10000), 2)": 0.00032967032166197896, "((6, 4, 10000), 2)": 0.00032967032166197896, "((2, 4, -1), 2)": 0.14010989665985107, "((3, 4, -1), 2)": 0.008241758681833744, "((4, 4, -1), 2)": 0.003076923079788685, "((5, 4, -1), 2)": 0.0012087912764400244, "((6, 4, -1), 2)": 0.00043956044828519225, "((2, 8, -1), 2)": 0.03329670429229736, "((3, 8, -1), 2)": 0.0006593406433239579, "((4, 8, -1), 2)": 0.00043956044828519225, "((5, 8, -1), 2)": 0.0, "((6, 8, -1), 2)": 0.0, "((2, 4, 1000), 3)": 0.6098863482475281, "((3, 4, 1000), 3)": 0.5998863577842712, "((4, 4, 1000), 3)": 0.40988636016845703, "((5, 4, 1000), 3)": 0.2645454704761505, "((6, 4, 1000), 3)": 0.02443181909620762, "((2, 4, 3000), 3)": 0.40159091353416443, "((3, 4, 3000), 3)": 0.20136363804340363, "((4, 4, 3000), 3)": 0.01193181797862053, "((5, 4, 3000), 3)": 0.0023863636888563633, "((6, 4, 3000), 3)": 0.0014772727154195309, "((2, 4, 10000), 3)": 0.30647727847099304, "((3, 4, 10000), 3)": 0.12465909123420715, "((4, 4, 10000), 3)": 0.009431818500161171, "((5, 4, 10000), 3)": 0.0022727272007614374, "((6, 4, 10000), 3)": 0.0007954545435495675, "((2, 4, -1), 3)": 0.34602272510528564, "((3, 4, -1), 3)": 0.04772727191448212, "((4, 4, -1), 3)": 0.005454545374959707, "((5, 4, -1), 3)": 0.0013636363437399268, "((6, 4, -1), 3)": 0.0011363636003807187, "((2, 8, -1), 3)": 0.1403409093618393, "((3, 8, -1), 3)": 0.004772727377712727, "((4, 8, -1), 3)": 0.00045454545761458576, "((5, 8, -1), 3)": 0.00011363636440364644, "((6, 8, -1), 3)": 0.0, "((2, 4, 1000), 4)": 0.6692941188812256, "((3, 4, 1000), 4)": 0.6649411916732788, "((4, 4, 1000), 4)": 0.5501176714897156, "((5, 4, 1000), 4)": 0.5155293941497803, "((6, 4, 1000), 4)": 0.24800001084804535, "((2, 4, 3000), 4)": 0.4785882532596588, "((3, 4, 3000), 4)": 0.29058822989463806, "((4, 4, 3000), 4)": 0.026000000536441803, "((5, 4, 3000), 4)": 0.006352941505610943, "((6, 4, 3000), 4)": 0.002588235307484865, "((2, 4, 10000), 4)": 0.39576470851898193, "((3, 4, 10000), 4)": 0.200705885887146, "((4, 4, 10000), 4)": 0.024588236585259438, "((5, 4, 10000), 4)": 0.0038823529612272978, "((6, 4, 10000), 4)": 0.0011764706578105688, "((2, 4, -1), 4)": 0.4225882589817047, "((3, 4, -1), 4)": 0.149647057056427, "((4, 4, -1), 4)": 0.015176471322774887, "((5, 4, -1), 4)": 0.003294117748737335, "((6, 4, -1), 4)": 0.0016470588743686676, "((2, 8, -1), 4)": 0.2669411897659302, "((3, 8, -1), 4)": 0.021294118836522102, "((4, 8, -1), 4)": 0.0005882353289052844, "((5, 8, -1), 4)": 0.00011764706141548231, "((6, 8, -1), 4)": 0.0, "((2, 4, 1000), 5)": 0.7224390506744385, "((3, 4, 1000), 5)": 0.723658561706543, "((4, 4, 1000), 5)": 0.6328048706054688, "((5, 4, 1000), 5)": 0.6265853643417358, "((6, 4, 1000), 5)": 0.5191463232040405, "((2, 4, 3000), 5)": 0.5848780274391174, "((3, 4, 3000), 5)": 0.42304879426956177, "((4, 4, 3000), 5)": 0.06329268217086792, "((5, 4, 3000), 5)": 0.013414634391665459, "((6, 4, 3000), 5)": 0.002682926831766963, "((2, 4, 10000), 5)": 0.48914635181427, "((3, 4, 10000), 5)": 0.33475610613822937, "((4, 4, 10000), 5)": 0.04512195289134979, "((5, 4, 10000), 5)": 0.0068292682990431786, "((6, 4, 10000), 5)": 0.0018292682943865657, "((2, 4, -1), 5)": 0.5430487990379333, "((3, 4, -1), 5)": 0.27719512581825256, "((4, 4, -1), 5)": 0.03353658691048622, "((5, 4, -1), 5)": 0.011585365980863571, "((6, 4, -1), 5)": 0.0034146341495215893, "((2, 8, -1), 5)": 0.3713414669036865, "((3, 8, -1), 5)": 0.05841463431715965, "((4, 8, -1), 5)": 0.002926829271018505, "((5, 8, -1), 5)": 0.0002439024392515421, "((6, 8, -1), 5)": 0.0, "((2, 4, 1000), 6)": 0.7336708903312683, "((3, 4, 1000), 6)": 0.7424050569534302, "((4, 4, 1000), 6)": 0.7225316762924194, "((5, 4, 1000), 6)": 0.7002531886100769, "((6, 4, 1000), 6)": 0.6068354249000549, "((2, 4, 3000), 6)": 0.6331645846366882, "((3, 4, 3000), 6)": 0.4662025272846222, "((4, 4, 3000), 6)": 0.09392405301332474, "((5, 4, 3000), 6)": 0.03772151842713356, "((6, 4, 3000), 6)": 0.005949367303401232, "((2, 4, 10000), 6)": 0.5501266121864319, "((3, 4, 10000), 6)": 0.4024050533771515, "((4, 4, 10000), 6)": 0.09848101437091827, "((5, 4, 10000), 6)": 0.010632911697030067, "((6, 4, 10000), 6)": 0.005063291173428297, "((2, 4, -1), 6)": 0.5877215266227722, "((3, 4, -1), 6)": 0.35924050211906433, "((4, 4, -1), 6)": 0.06189873442053795, "((5, 4, -1), 6)": 0.015189873054623604, "((6, 4, -1), 6)": 0.0031645570416003466, "((2, 8, -1), 6)": 0.4491139352321625, "((3, 8, -1), 6)": 0.12126582115888596, "((4, 8, -1), 6)": 0.003797468263655901, "((5, 8, -1), 6)": 0.00012658227933570743, "((6, 8, -1), 6)": 0.0003797468380071223, "((2, 4, 1000), 7)": 0.7440789341926575, "((3, 4, 1000), 7)": 0.7369736433029175, "((4, 4, 1000), 7)": 0.7172368168830872, "((5, 4, 1000), 7)": 0.712368369102478, "((6, 4, 1000), 7)": 0.6817104816436768, "((2, 4, 3000), 7)": 0.6596052050590515, "((3, 4, 3000), 7)": 0.5398684144020081, "((4, 4, 3000), 7)": 0.17368420958518982, "((5, 4, 3000), 7)": 0.044342104345560074, "((6, 4, 3000), 7)": 0.006184210069477558, "((2, 4, 10000), 7)": 0.5861842036247253, "((3, 4, 10000), 7)": 0.46315786242485046, "((4, 4, 10000), 7)": 0.16394735872745514, "((5, 4, 10000), 7)": 0.017500000074505806, "((6, 4, 10000), 7)": 0.005394736770540476, "((2, 4, -1), 7)": 0.6164473295211792, "((3, 4, -1), 7)": 0.4223684072494507, "((4, 4, -1), 7)": 0.10868420451879501, "((5, 4, -1), 7)": 0.017236841842532158, "((6, 4, -1), 7)": 0.006710526067763567, "((2, 8, -1), 7)": 0.5132894515991211,